{"epoca": 199, "training_score": 0.6492230259520599, "testing_score": 0.6097786640918421, "loss": 777.0586118898066, "_timestamp": 1724404034.989921, "_runtime": 1049.5628550052643, "_step": 199, "_wandb": {"runtime": 1048}}