{"epoca": 199, "training_score": 0.6200830990001459, "testing_score": 0.6072829580007759, "loss": 6442245.211079045, "_timestamp": 1724412293.171, "_runtime": 459.8597071170807, "_step": 199, "_wandb": {"runtime": 458}}