{"epoca": 199, "training_score": 0.22563315108649618, "testing_score": 0.20713027246990967, "loss": 0.06273344393180307, "_timestamp": 1724411826.080765, "_runtime": 499.6960620880127, "_step": 199, "_wandb": {"runtime": 498}}