{"mean": {"m0": 0.2972373808358643, "s0": 0.10548933691686668, "h0": 0.4994089645038593, "m1": 0.2995186447822563, "s1": 0.10530433586821712, "h1": 0.25079003938261724, "m2": 0.29977691896398606, "s2": 0.10533229366848693, "h2": 0.24980099611352344, "m3": 0.2971492420723387, "s3": 0.10551715168651334, "h3": 0.4982655405982739, "m4": 0.2998775730106083, "s4": 0.10535364448449169, "h4": 0.2506727076131959, "m5": 0.29939509874136166, "s5": 0.10533715709806299, "h5": 0.2510617517885301, "m6": 0.2974293566470141, "s6": 0.10544482293357776, "h6": 0.5007956517033435, "m7": 0.2999278842394442, "s7": 0.10524193339910046, "h7": 0.2489680386110183, "m8": 0.2993367410819474, "s8": 0.10542171874959538, "h8": 0.2502363096856382, "m9": 0.29951639634811017, "s9": 0.10523194758823547, "h9": 0.5014155483919411, "m10": 0.29956508910932106, "s10": 0.10552964048149849, "h10": 0.4985844516080589, "m11": 0.29921000978739604, "s11": 0.1054584005116374, "h11": 0.500509418297252, "m12": 0.2993279545895896, "s12": 0.10551912713516705, "h12": 0.499490581702748, "m13": 0.2993431183213322, "s13": 0.10545220125786166, "h13": 0.4984590009088296, "m14": 0.2993440298178975, "s14": 0.10539565745149672, "h14": 0.5015409990911703}, "std": {"m0": 0.11516585426347585, "s0": 0.043273373033738946, "h0": 0.28924451165017556, "m1": 0.11517661242053259, "s1": 0.043262821196193756, "h1": 0.2210795278613595, "m2": 0.115278117458112, "s2": 0.04329266013624716, "h2": 0.22061178672213544, "m3": 0.11532384925563703, "s3": 0.04323959494309997, "h3": 0.2888814572798943, "m4": 0.1153839606917171, "s4": 0.04323615251766518, "h4": 0.22115785266021185, "m5": 0.11535203836697798, "s5": 0.04327888161814269, "h5": 0.22111910675894528, "m6": 0.11504602803507508, "s6": 0.04323001291910527, "h6": 0.2892498261378821, "m7": 0.11536568628481637, "s7": 0.04326439108823867, "h7": 0.22033051462134462, "m8": 0.11525159348550683, "s8": 0.04327061303914522, "h8": 0.22086161727790782, "m9": 0.11558781997644356, "s9": 0.043333088842078725, "h9": 0.2892851233079554, "m10": 0.11560052496976621, "s10": 0.043275598291593324, "h10": 0.2892851233079554, "m11": 0.11532221859073458, "s11": 0.04329899249267163, "h11": 0.28943878817792007, "m12": 0.11557132084283414, "s12": 0.043265060360399864, "h12": 0.28943878817792007, "m13": 0.11560218574527129, "s13": 0.04322496973010939, "h13": 0.2886291819458466, "m14": 0.11542571662371794, "s14": 0.043297342073465674, "h14": 0.2886291819458466}, "_timestamp": 1724674828.411199, "_runtime": 924.7659912109375, "_step": 100, "epoca": 99, "training_score": 0.914934016899269, "testing_score": 0.905338926000725, "loss": 0.23296699359356593, "threshold": 0, "_wandb": {"runtime": 923}}